domain,template,site_type,scrape_domain
dvbraces,stinson,stinson,www.dvbraces.com
falsafiortho,stinson,stinson,www.falsafiortho.com
frazierorthodontics,stinson,stinson,www.frazierorthodontics.com
halcombortho,stinson,stinson,www.halcombortho.com
hentscherjohnsonortho,stinson,stinson,hentscherjohnsonortho.com
hessorthodontics,stinson,stinson,hessorthodontics.com
impressionsorthodontics,stinson,stinson,www.impressionsorthodontics.com
lanfordmcinnisorthodontics,stinson,stinson,lanfordmcinnisorthodontics.com
metzorthodontics,stinson,stinson,www.metzorthodontics.com
meyerdanabraces,stinson,stinson,meyerdanabraces.com
mingaorthodontics,stinson,stinson,mingaorthodontics.com
oaklandsmilestation,stinson,stinson,oaklandsmilestation.com
orthobar,stinson,stinson,orthobar.com
orthodontistambler,stinson,stinson,orthodontistambler.com
redrockorthodontics,stinson,stinson,redrockorthodontics.com
stangfamilyortho,stinson,stinson,stangfamilyortho.com
strouseorthodontics,stinson,stinson,www.strouseorthodontics.com
sweetwaterortho,stinson,stinson,sweetwaterortho.com
transcendortho,stinson,stinson,www.transcendortho.com
vincentteamortho,stinson,stinson,vincentteamortho.com
westrockortho,stinson,stinson,westrockortho.com
