original_domain,cloudflare_preview
https://www.taortho.com/,https://taortho.pages.dev
https://figueroaorthodontics.com/,https://figueroaorthodontics.pages.dev
https://www.hansen-orthodontics.com/,https://hansen-orthodontics.pages.dev
https://mckinneybraces.com/,https://mckinneybraces.pages.dev
https://www.harwellandcookortho.com/,https://harwellandcookortho.pages.dev
https://www.nicholsortho.com/,https://nicholsortho.pages.dev
https://www.steelcityorthodontics.com/,https://steelcityorthodontics.pages.dev
http://www.fantasticsmiles.com/,https://fantasticsmiles.pages.dev
https://www.dopazoortho.com/,https://dopazoortho.pages.dev
http://goodnightortho.com/,https://goodnightortho.pages.dev
http://lawtonorthodontics.com/,https://lawtonorthodontics.pages.dev
https://www.amley-mcentire.com/,https://amley-mcentire.pages.dev
https://www.foreversmilesortho.com/,https://foreversmilesortho.pages.dev
https://www.lovethatsmile.net/,https://lovethatsmile.pages.dev
https://huttasmiles.com/,https://huttasmiles.pages.dev
http://www.bovbakerortho.com/,https://bovbakerortho.pages.dev
https://www.olmstedorthodontics.com/,https://olmstedorthodontics.pages.dev
https://harringtonorthodontics.com/,https://harringtonorthodontics.pages.dev
https://damon-orthodontics.com/,https://damon-orthodontics.pages.dev
http://www.eaganorthodontics.com/,https://eaganorthodontics.pages.dev
https://andrewsbraces.com/,https://andrewsbraces.pages.dev
https://wgmortho.com/,https://wgmortho.pages.dev
https://rpdo.com/,https://rpdo.pages.dev
http://www.embraceourworld.com/,https://embraceourworld.pages.dev
https://advanceortho.com/,https://advanceortho.pages.dev
https://www.cosseortho.com/,https://cosseortho.pages.dev
https://www.fosterortho.com/,https://fosterortho.pages.dev
http://coreilortho.com/,https://coreilortho.pages.dev
https://drmaxfield.com/,https://drmaxfield.pages.dev
http://www.christensenorthoslc.com/,https://christensenorthoslc.pages.dev
https://www.jborthodonticsct.com/,https://jborthodonticsct.pages.dev
https://www.mckennaortho.com/,https://mckennaortho.pages.dev
http://www.backusbraces.com/,https://backusbraces.pages.dev
https://ozorthodontics.com/,https://ozorthodontics.pages.dev
https://dobraces.com/,https://dobraces.pages.dev
https://www.frigoortho.com/,https://frigoortho.pages.dev
https://drleavittortho.com/,https://drleavittortho.pages.dev
http://www.gillbraces.com/,https://gillbraces.pages.dev
http://sdm.rutgers.edu/,https://sdm.pages.dev
http://www.oceanswestfield.com/,https://oceanswestfield.pages.dev
https://alyssaortho.com/,https://alyssaortho.pages.dev
https://arlington-orthodontics.com/,https://arlington-orthodontics.pages.dev
https://caplesrobinsonortho.com/,https://caplesrobinsonortho.pages.dev
https://chadwellsmiles.com/,https://chadwellsmiles.pages.dev
https://comettiorthodontics.com/,https://comettiorthodontics.pages.dev
https://www.conlonthompsonorthodontics.com/,https://conlonthompsonorthodontics.pages.dev
https://coppercreekortho.com/,https://coppercreekortho.pages.dev
https://currentorthodontics.com/,https://currentorthodontics.pages.dev
https://www.derekdamonortho.com/,https://derekdamonortho.pages.dev
https://dischingerteam.com/,https://dischingerteam.pages.dev
https://downersgrovedental.com/,https://downersgrovedental.pages.dev
https://www.dvbraces.com/,https://dvbraces.pages.dev
https://www.falsafiortho.com/,https://falsafiortho.pages.dev
https://www.frazierorthodontics.com/,https://frazierorthodontics.pages.dev
! https://www.halcombortho.com/,https://halcombortho.pages.dev
https://hentscherjohnsonortho.com/,https://hentscherjohnsonortho.pages.dev
https://hessorthodontics.com/,https://hessorthodontics.pages.dev
https://www.impressionsorthodontics.com/,https://impressionsorthodontics.pages.dev
https://lanfordmcinnisorthodontics.com/,https://lanfordmcinnisorthodontics.pages.dev
https://www.metzorthodontics.com/,https://metzorthodontics.pages.dev
https://meyerdanabraces.com/,https://meyerdanabraces.pages.dev
https://mingaorthodontics.com/,https://mingaorthodontics.pages.dev
https://oaklandsmilestation.com/,https://oaklandsmilestation.pages.dev
https://orthobar.com/,https://orthobar.pages.dev
! https://orthodontistambler.com/,https://orthodontistambler.pages.dev
https://redrockorthodontics.com/,https://redrockorthodontics.pages.dev
https://stangfamilyortho.com/,https://stangfamilyortho.pages.dev
https://www.strouseorthodontics.com/,https://strouseorthodontics.pages.dev
https://sweetwaterortho.com/,https://sweetwaterortho.pages.dev
https://www.transcendortho.com/,https://transcendortho.pages.dev
https://vincentteamortho.com/,https://vincentteamortho.pages.dev
https://westrockortho.com/,https://westrockortho.pages.dev